epidemiological_week,date,order_for_place,state,city,city_ibge_code,place_type,last_available_confirmed,last_available_confirmed_per_100k_inhabitants,new_confirmed,last_available_deaths,new_deaths,last_available_death_rate,estimated_population,is_last,is_repeated
202134,2021-08-27,528,TO,Palmas,1721000,city,49899,16291.10403,0,617,0,0.0124,306296,False,True
202134,2021-08-26,527,TO,Palmas,1721000,city,49899,16291.10403,0,617,0,0.0124,306296,False,True
202134,2021-08-25,526,TO,Palmas,1721000,city,49899,16291.10403,0,617,0,0.0124,306296,False,True
202134,2021-08-24,525,TO,Palmas,1721000,city,49899,16291.10403,83,617,0,0.0124,306296,True,False
202134,2021-08-23,524,TO,Palmas,1721000,city,49816,16264.00606,321,617,0,0.0124,306296,False,False
202134,2021-08-22,523,TO,Palmas,1721000,city,49495,16159.20547,0,617,0,0.0125,306296,False,True
202133,2021-08-21,522,TO,Palmas,1721000,city,49495,16159.20547,0,617,0,0.0125,306296,False,True
202133,2021-08-20,521,TO,Palmas,1721000,city,49495,16159.20547,0,617,0,0.0125,306296,False,True
202133,2021-08-19,520,TO,Palmas,1721000,city,49495,16159.20547,64,617,2,0.0125,306296,False,False
202133,2021-08-18,519,TO,Palmas,1721000,city,49431,16138.31065,73,615,0,0.0124,306296,False,False
202133,2021-08-17,518,TO,Palmas,1721000,city,49358,16114.4775,67,615,1,0.0125,306296,False,False
202133,2021-08-16,517,TO,Palmas,1721000,city,49291,16092.60323,50,614,4,0.0125,306296,False,False
202133,2021-08-15,516,TO,Palmas,1721000,city,49241,16076.27915,35,610,0,0.0124,306296,False,False
202132,2021-08-14,515,TO,Palmas,1721000,city,49206,16064.8523,74,610,0,0.0124,306296,False,False
202132,2021-08-13,514,TO,Palmas,1721000,city,49132,16040.69266,83,610,1,0.0124,306296,False,False
202132,2021-08-12,513,TO,Palmas,1721000,city,49049,16013.59469,68,609,0,0.0124,306296,False,False
202132,2021-08-11,512,TO,Palmas,1721000,city,48981,15991.39395,61,609,1,0.0124,306296,False,False
202132,2021-08-10,511,TO,Palmas,1721000,city,48920,15971.47857,63,608,1,0.0124,306296,False,False
202132,2021-08-09,510,TO,Palmas,1721000,city,48857,15950.91023,65,607,0,0.0124,306296,False,False
202132,2021-08-08,509,TO,Palmas,1721000,city,48792,15929.68893,26,607,0,0.0124,306296,False,False
202131,2021-08-07,508,TO,Palmas,1721000,city,48766,15921.20041,78,607,2,0.0124,306296,False,False
202131,2021-08-06,507,TO,Palmas,1721000,city,48688,15895.73484,70,605,1,0.0124,306296,False,False
202131,2021-08-05,506,TO,Palmas,1721000,city,48618,15872.88113,199,604,0,0.0124,306296,False,False
202131,2021-08-04,505,TO,Palmas,1721000,city,48419,15807.9113,0,604,0,0.0125,306296,False,True
202131,2021-08-03,504,TO,Palmas,1721000,city,48419,15807.9113,86,604,0,0.0125,306296,False,False
202131,2021-08-02,503,TO,Palmas,1721000,city,48333,15779.83389,79,604,0,0.0125,306296,False,False
202131,2021-08-01,502,TO,Palmas,1721000,city,48254,15754.04184,172,604,0,0.0125,306296,False,False
202130,2021-07-31,501,TO,Palmas,1721000,city,48082,15697.88701,0,604,0,0.0126,306296,False,True
202130,2021-07-30,500,TO,Palmas,1721000,city,48082,15697.88701,166,604,1,0.0126,306296,False,False
202130,2021-07-29,499,TO,Palmas,1721000,city,47916,15643.69107,0,603,0,0.0126,306296,False,True
202130,2021-07-28,498,TO,Palmas,1721000,city,47916,15643.69107,103,603,1,0.0126,306296,False,False
202130,2021-07-27,497,TO,Palmas,1721000,city,47813,15610.06347,71,602,0,0.0126,306296,False,False
202130,2021-07-26,496,TO,Palmas,1721000,city,47742,15586.88328,53,602,0,0.0126,306296,False,False
202130,2021-07-25,495,TO,Palmas,1721000,city,47689,15569.57975,70,602,3,0.0126,306296,False,False
202129,2021-07-24,494,TO,Palmas,1721000,city,47619,15546.72604,104,599,0,0.0126,306296,False,False
202129,2021-07-23,493,TO,Palmas,1721000,city,47515,15512.77196,39,599,-1,0.0126,306296,False,False
202129,2021-07-22,492,TO,Palmas,1721000,city,47476,15500.03918,105,600,0,0.0126,306296,False,False
202129,2021-07-21,491,TO,Palmas,1721000,city,47371,15465.75861,107,600,2,0.0127,306296,False,False
202129,2021-07-20,490,TO,Palmas,1721000,city,47264,15430.82508,33,598,1,0.0127,306296,False,False
202129,2021-07-19,489,TO,Palmas,1721000,city,47231,15420.05119,57,597,0,0.0126,306296,False,False
202129,2021-07-18,488,TO,Palmas,1721000,city,47174,15401.44174,72,597,2,0.0127,306296,False,False
202128,2021-07-17,487,TO,Palmas,1721000,city,47102,15377.93507,74,595,1,0.0126,306296,False,False
202128,2021-07-16,486,TO,Palmas,1721000,city,47028,15353.77543,67,594,0,0.0126,306296,False,False
202128,2021-07-15,485,TO,Palmas,1721000,city,46961,15331.90117,20,594,2,0.0126,306296,False,False
202128,2021-07-14,484,TO,Palmas,1721000,city,46941,15325.37154,90,592,5,0.0126,306296,False,False
202128,2021-07-13,483,TO,Palmas,1721000,city,46851,15295.98819,100,587,4,0.0125,306296,False,False
202128,2021-07-12,482,TO,Palmas,1721000,city,46751,15263.34004,79,583,0,0.0125,306296,False,False
202128,2021-07-11,481,TO,Palmas,1721000,city,46672,15237.54799,73,583,0,0.0125,306296,False,False
202127,2021-07-10,480,TO,Palmas,1721000,city,46599,15213.71484,76,583,0,0.0125,306296,False,False
202127,2021-07-09,479,TO,Palmas,1721000,city,46523,15188.90224,91,583,0,0.0125,306296,False,False
202127,2021-07-08,478,TO,Palmas,1721000,city,46432,15159.19242,196,583,-1,0.0126,306296,False,False
202127,2021-07-07,477,TO,Palmas,1721000,city,46236,15095.20203,0,584,0,0.0126,306296,False,True
202127,2021-07-06,476,TO,Palmas,1721000,city,46236,15095.20203,60,584,2,0.0126,306296,False,False
202127,2021-07-05,475,TO,Palmas,1721000,city,46176,15075.61313,90,582,0,0.0126,306296,False,False
202127,2021-07-04,474,TO,Palmas,1721000,city,46086,15046.22979,54,582,1,0.0126,306296,False,False
202126,2021-07-03,473,TO,Palmas,1721000,city,46032,15028.59979,98,581,3,0.0126,306296,False,False
202126,2021-07-02,472,TO,Palmas,1721000,city,45934,14996.60459,66,578,0,0.0126,306296,False,False
202126,2021-07-01,471,TO,Palmas,1721000,city,45868,14975.05681,87,578,-5,0.0126,306296,False,False
202126,2021-06-30,470,TO,Palmas,1721000,city,45781,14946.65291,54,583,0,0.0127,306296,False,False
202126,2021-06-29,469,TO,Palmas,1721000,city,45727,14929.02291,114,583,0,0.0127,306296,False,False
202126,2021-06-28,468,TO,Palmas,1721000,city,45613,14891.80401,60,583,0,0.0128,306296,False,False
202126,2021-06-27,467,TO,Palmas,1721000,city,45553,14872.21511,35,583,1,0.0128,306296,False,False
202125,2021-06-26,466,TO,Palmas,1721000,city,45518,14860.78826,81,582,0,0.0128,306296,False,False
202125,2021-06-25,465,TO,Palmas,1721000,city,45437,14834.34325,99,582,1,0.0128,306296,False,False
202125,2021-06-24,464,TO,Palmas,1721000,city,45338,14802.02157,124,581,0,0.0128,306296,False,False
202125,2021-06-23,463,TO,Palmas,1721000,city,45214,14761.53786,109,581,1,0.0129,306296,False,False
202125,2021-06-22,462,TO,Palmas,1721000,city,45105,14725.95137,106,580,2,0.0129,306296,False,False
202125,2021-06-21,461,TO,Palmas,1721000,city,44999,14691.34432,89,578,2,0.0128,306296,False,False
202125,2021-06-20,460,TO,Palmas,1721000,city,44910,14662.28746,124,576,6,0.0128,306296,False,False
202124,2021-06-19,459,TO,Palmas,1721000,city,44786,14621.80375,198,570,9,0.0127,306296,False,False
202124,2021-06-18,458,TO,Palmas,1721000,city,44588,14557.16039,130,561,8,0.0126,306296,False,False
202124,2021-06-17,457,TO,Palmas,1721000,city,44458,14514.71779,228,553,4,0.0124,306296,False,False
202124,2021-06-16,456,TO,Palmas,1721000,city,44230,14440.27999,34,549,1,0.0124,306296,False,False
202124,2021-06-15,455,TO,Palmas,1721000,city,44196,14429.17962,114,548,1,0.0124,306296,False,False
202124,2021-06-14,454,TO,Palmas,1721000,city,44082,14391.96072,75,547,1,0.0124,306296,False,False
202124,2021-06-13,453,TO,Palmas,1721000,city,44007,14367.4746,165,546,2,0.0124,306296,False,False
202123,2021-06-12,452,TO,Palmas,1721000,city,43842,14313.60514,129,544,1,0.0124,306296,False,False
202123,2021-06-11,451,TO,Palmas,1721000,city,43713,14271.48902,105,543,2,0.0124,306296,False,False
202123,2021-06-10,450,TO,Palmas,1721000,city,43608,14237.20845,210,541,0,0.0124,306296,False,False
202123,2021-06-09,449,TO,Palmas,1721000,city,43398,14168.64732,132,541,0,0.0125,306296,False,False
202123,2021-06-08,448,TO,Palmas,1721000,city,43266,14125.55175,147,541,0,0.0125,306296,False,False
202123,2021-06-07,447,TO,Palmas,1721000,city,43119,14077.55896,109,541,4,0.0125,306296,False,False
202123,2021-06-06,446,TO,Palmas,1721000,city,43010,14041.97247,106,537,0,0.0125,306296,False,False
202122,2021-06-05,445,TO,Palmas,1721000,city,42904,14007.36542,154,537,0,0.0125,306296,False,False
202122,2021-06-04,444,TO,Palmas,1721000,city,42750,13957.08726,87,537,8,0.0126,306296,False,False
202122,2021-06-03,443,TO,Palmas,1721000,city,42663,13928.68337,148,529,6,0.0124,306296,False,False
202122,2021-06-02,442,TO,Palmas,1721000,city,42515,13880.36409,156,523,0,0.0123,306296,False,False
202122,2021-06-01,441,TO,Palmas,1721000,city,42359,13829.43297,140,523,0,0.0123,306296,False,False
202122,2021-05-31,440,TO,Palmas,1721000,city,42219,13783.72555,74,523,0,0.0124,306296,False,False
202122,2021-05-30,439,TO,Palmas,1721000,city,42145,13759.56591,109,523,0,0.0124,306296,False,False
202121,2021-05-29,438,TO,Palmas,1721000,city,42036,13723.97942,139,523,0,0.0124,306296,False,False
202121,2021-05-28,437,TO,Palmas,1721000,city,41897,13678.59848,144,523,0,0.0125,306296,False,False
202121,2021-05-27,436,TO,Palmas,1721000,city,41753,13631.58513,184,523,0,0.0125,306296,False,False
202121,2021-05-26,435,TO,Palmas,1721000,city,41569,13571.51252,112,523,3,0.0126,306296,False,False
202121,2021-05-25,434,TO,Palmas,1721000,city,41457,13534.94659,167,520,6,0.0125,306296,False,False
202121,2021-05-24,433,TO,Palmas,1721000,city,41290,13480.42416,77,514,3,0.0124,306296,False,False
202121,2021-05-23,432,TO,Palmas,1721000,city,41213,13455.28508,123,511,2,0.0124,306296,False,False
202120,2021-05-22,431,TO,Palmas,1721000,city,41090,13415.12785,96,509,1,0.0124,306296,False,False
202120,2021-05-21,430,TO,Palmas,1721000,city,40994,13383.78562,135,508,1,0.0124,306296,False,False
202120,2021-05-20,429,TO,Palmas,1721000,city,40859,13339.71061,123,507,1,0.0124,306296,False,False
202120,2021-05-19,428,TO,Palmas,1721000,city,40736,13299.55337,141,506,1,0.0124,306296,False,False
202120,2021-05-18,427,TO,Palmas,1721000,city,40595,13253.51947,118,505,1,0.0124,306296,False,False
202120,2021-05-17,426,TO,Palmas,1721000,city,40477,13214.99465,101,504,0,0.0125,306296,False,False
202120,2021-05-16,425,TO,Palmas,1721000,city,40376,13182.02001,73,504,1,0.0125,306296,False,False
202119,2021-05-15,424,TO,Palmas,1721000,city,40303,13158.18685,134,503,5,0.0125,306296,False,False
202119,2021-05-14,423,TO,Palmas,1721000,city,40169,13114.43832,170,498,4,0.0124,306296,False,False
202119,2021-05-13,422,TO,Palmas,1721000,city,39999,13058.93645,117,494,2,0.0124,306296,False,False
202119,2021-05-12,421,TO,Palmas,1721000,city,39882,13020.73811,150,492,0,0.0123,306296,False,False
202119,2021-05-11,420,TO,Palmas,1721000,city,39732,12971.76587,93,492,4,0.0124,306296,False,False
202119,2021-05-10,419,TO,Palmas,1721000,city,39639,12941.40309,33,488,2,0.0123,306296,False,False
202119,2021-05-09,418,TO,Palmas,1721000,city,39606,12930.6292,122,486,0,0.0123,306296,False,False
202118,2021-05-08,417,TO,Palmas,1721000,city,39484,12890.79844,96,486,1,0.0123,306296,False,False
202118,2021-05-07,416,TO,Palmas,1721000,city,39388,12859.45621,96,485,2,0.0123,306296,False,False
202118,2021-05-06,415,TO,Palmas,1721000,city,39292,12828.11398,114,483,0,0.0123,306296,False,False
202118,2021-05-05,414,TO,Palmas,1721000,city,39178,12790.89508,103,483,2,0.0123,306296,False,False
202118,2021-05-04,413,TO,Palmas,1721000,city,39075,12757.26748,111,481,2,0.0123,306296,False,False
202118,2021-05-03,412,TO,Palmas,1721000,city,38964,12721.02803,53,479,0,0.0123,306296,False,False
202118,2021-05-02,411,TO,Palmas,1721000,city,38911,12703.7245,88,479,2,0.0123,306296,False,False
202117,2021-05-01,410,TO,Palmas,1721000,city,38823,12674.99412,79,477,3,0.0123,306296,False,False
202117,2021-04-30,409,TO,Palmas,1721000,city,38744,12649.20208,113,474,3,0.0122,306296,False,False
202117,2021-04-29,408,TO,Palmas,1721000,city,38631,12612.30966,123,471,3,0.0122,306296,False,False
202117,2021-04-28,407,TO,Palmas,1721000,city,38508,12572.15243,119,468,3,0.0122,306296,False,False
202117,2021-04-27,406,TO,Palmas,1721000,city,38389,12533.30112,182,465,0,0.0121,306296,False,False
202117,2021-04-26,405,TO,Palmas,1721000,city,38207,12473.88147,0,465,0,0.0122,306296,False,False
202117,2021-04-25,404,TO,Palmas,1721000,city,38207,12473.88147,98,465,4,0.0122,306296,False,False
202116,2021-04-24,403,TO,Palmas,1721000,city,38109,12441.88628,108,461,9,0.0121,306296,False,False
202116,2021-04-23,402,TO,Palmas,1721000,city,38001,12406.62627,69,452,6,0.0119,306296,False,False
202116,2021-04-22,401,TO,Palmas,1721000,city,37932,12384.09904,112,446,4,0.0118,306296,False,False
202116,2021-04-21,400,TO,Palmas,1721000,city,37820,12347.53311,102,442,1,0.0117,306296,False,False
202116,2021-04-20,399,TO,Palmas,1721000,city,37718,12314.23198,94,441,4,0.0117,306296,False,False
202116,2021-04-19,398,TO,Palmas,1721000,city,37624,12283.54272,73,437,0,0.0116,306296,False,False
202116,2021-04-18,397,TO,Palmas,1721000,city,37551,12259.70956,35,437,1,0.0116,306296,False,False
202115,2021-04-17,396,TO,Palmas,1721000,city,37516,12248.28271,96,436,2,0.0116,306296,False,False
202115,2021-04-16,395,TO,Palmas,1721000,city,37420,12216.94048,88,434,3,0.0116,306296,False,False
202115,2021-04-15,394,TO,Palmas,1721000,city,37332,12188.2101,60,431,3,0.0115,306296,False,False
202115,2021-04-14,393,TO,Palmas,1721000,city,37272,12168.6212,131,428,6,0.0115,306296,False,False
202115,2021-04-13,392,TO,Palmas,1721000,city,37141,12125.85212,122,422,9,0.0114,306296,False,False
202115,2021-04-12,391,TO,Palmas,1721000,city,37019,12086.02136,95,413,0,0.0112,306296,False,False
202115,2021-04-11,390,TO,Palmas,1721000,city,36924,12055.00562,53,413,10,0.0112,306296,False,False
202114,2021-04-10,389,TO,Palmas,1721000,city,36871,12037.70209,77,403,1,0.0109,306296,False,False
202114,2021-04-09,388,TO,Palmas,1721000,city,36794,12012.56301,137,402,3,0.0109,306296,False,False
202114,2021-04-08,387,TO,Palmas,1721000,city,36657,11967.83504,108,399,1,0.0109,306296,False,False
202114,2021-04-07,386,TO,Palmas,1721000,city,36549,11932.57503,139,398,3,0.0109,306296,False,False
202114,2021-04-06,385,TO,Palmas,1721000,city,36410,11887.19409,132,395,2,0.0108,306296,False,False
202114,2021-04-05,384,TO,Palmas,1721000,city,36278,11844.09852,115,393,2,0.0108,306296,False,False
202114,2021-04-04,383,TO,Palmas,1721000,city,36163,11806.55314,66,391,1,0.0108,306296,False,False
202113,2021-04-03,382,TO,Palmas,1721000,city,36097,11785.00535,85,390,0,0.0108,306296,False,False
202113,2021-04-02,381,TO,Palmas,1721000,city,36012,11757.25442,178,390,5,0.0108,306296,False,False
202113,2021-04-01,380,TO,Palmas,1721000,city,35834,11699.1407,138,385,1,0.0107,306296,False,False
202113,2021-03-31,379,TO,Palmas,1721000,city,35696,11654.08624,137,384,6,0.0108,306296,False,False
202113,2021-03-30,378,TO,Palmas,1721000,city,35559,11609.35827,164,378,4,0.0106,306296,False,False
202113,2021-03-29,377,TO,Palmas,1721000,city,35395,11555.81529,64,374,3,0.0106,306296,False,False
202113,2021-03-28,376,TO,Palmas,1721000,city,35331,11534.92047,34,371,5,0.0105,306296,False,False
202112,2021-03-27,375,TO,Palmas,1721000,city,35297,11523.8201,209,366,5,0.0104,306296,False,False
202112,2021-03-26,374,TO,Palmas,1721000,city,35088,11455.58545,256,361,6,0.0103,306296,False,False
202112,2021-03-25,373,TO,Palmas,1721000,city,34832,11372.00616,211,355,7,0.0102,306296,False,False
202112,2021-03-24,372,TO,Palmas,1721000,city,34621,11303.11855,153,348,6,0.0101,306296,False,False
202112,2021-03-23,371,TO,Palmas,1721000,city,34468,11253.16687,219,342,2,0.0099,306296,False,False
202112,2021-03-22,370,TO,Palmas,1721000,city,34249,11181.66741,240,340,1,0.0099,306296,False,False
202112,2021-03-21,369,TO,Palmas,1721000,city,34009,11103.31183,216,339,2,0.01,306296,False,False
202111,2021-03-20,368,TO,Palmas,1721000,city,33793,11032.79181,177,337,5,0.01,306296,False,False
202111,2021-03-19,367,TO,Palmas,1721000,city,33616,10975.00457,214,332,6,0.0099,306296,False,False
202111,2021-03-18,366,TO,Palmas,1721000,city,33402,10905.13751,242,326,6,0.0098,306296,False,False
202111,2021-03-17,365,TO,Palmas,1721000,city,33160,10826.12897,228,320,4,0.0097,306296,False,False
202111,2021-03-16,364,TO,Palmas,1721000,city,32932,10751.69117,436,316,5,0.0096,306296,False,False
202111,2021-03-15,363,TO,Palmas,1721000,city,32496,10609.34521,80,311,5,0.0096,306296,False,False
202111,2021-03-14,362,TO,Palmas,1721000,city,32416,10583.22668,193,306,1,0.0094,306296,False,False
202110,2021-03-13,361,TO,Palmas,1721000,city,32223,10520.21574,357,305,6,0.0095,306296,False,False
202110,2021-03-12,360,TO,Palmas,1721000,city,31866,10403.66182,443,299,5,0.0094,306296,False,False
202110,2021-03-11,359,TO,Palmas,1721000,city,31423,10259.03048,377,294,3,0.0094,306296,False,False
202110,2021-03-10,358,TO,Palmas,1721000,city,31046,10135.94693,386,291,3,0.0094,306296,False,False
202110,2021-03-09,357,TO,Palmas,1721000,city,30660,10009.92504,269,288,2,0.0094,306296,False,False
202110,2021-03-08,356,TO,Palmas,1721000,city,30391,9922.1015,224,286,1,0.0094,306296,False,False
202110,2021-03-07,355,TO,Palmas,1721000,city,30167,9848.96962,67,285,4,0.0094,306296,False,False
202109,2021-03-06,354,TO,Palmas,1721000,city,30100,9827.09536,241,281,3,0.0093,306296,False,False
202109,2021-03-05,353,TO,Palmas,1721000,city,29859,9748.4133,279,278,5,0.0093,306296,False,False
202109,2021-03-04,352,TO,Palmas,1721000,city,29580,9657.32494,272,273,1,0.0092,306296,False,False
202109,2021-03-03,351,TO,Palmas,1721000,city,29308,9568.52195,242,272,3,0.0093,306296,False,False
202109,2021-03-02,350,TO,Palmas,1721000,city,29066,9489.51341,222,269,2,0.0093,306296,False,False
202109,2021-03-01,349,TO,Palmas,1721000,city,28844,9417.0345,259,267,1,0.0093,306296,False,False
202109,2021-02-28,348,TO,Palmas,1721000,city,28585,9332.47578,161,266,1,0.0093,306296,False,False
202108,2021-02-27,347,TO,Palmas,1721000,city,28424,9279.91224,178,265,3,0.0093,306296,False,False
202108,2021-02-26,346,TO,Palmas,1721000,city,28246,9221.79852,369,262,0,0.0093,306296,False,False
202108,2021-02-25,345,TO,Palmas,1721000,city,27877,9101.32682,203,262,2,0.0094,306296,False,False
202108,2021-02-24,344,TO,Palmas,1721000,city,27674,9035.05106,222,260,0,0.0094,306296,False,False
202108,2021-02-23,343,TO,Palmas,1721000,city,27452,8962.57215,179,260,2,0.0095,306296,False,False
202108,2021-02-22,342,TO,Palmas,1721000,city,27273,8904.13195,164,258,0,0.0095,306296,False,False
202108,2021-02-21,341,TO,Palmas,1721000,city,27109,8850.58897,110,258,1,0.0095,306296,False,False
202107,2021-02-20,340,TO,Palmas,1721000,city,26999,8814.676,199,257,3,0.0095,306296,False,False
202107,2021-02-19,339,TO,Palmas,1721000,city,26800,8749.70617,169,254,3,0.0095,306296,False,False
202107,2021-02-18,338,TO,Palmas,1721000,city,26631,8694.53078,174,251,1,0.0094,306296,False,False
202107,2021-02-17,337,TO,Palmas,1721000,city,26457,8637.72299,189,250,1,0.0094,306296,False,False
202107,2021-02-16,336,TO,Palmas,1721000,city,26268,8576.01797,116,249,1,0.0095,306296,False,False
202107,2021-02-15,335,TO,Palmas,1721000,city,26152,8538.14611,79,248,0,0.0095,306296,False,False
202107,2021-02-14,334,TO,Palmas,1721000,city,26073,8512.35406,45,248,0,0.0095,306296,False,False
202106,2021-02-13,333,TO,Palmas,1721000,city,26028,8497.66239,89,248,0,0.0095,306296,False,False
202106,2021-02-12,332,TO,Palmas,1721000,city,25939,8468.60553,158,248,0,0.0096,306296,False,False
202106,2021-02-11,331,TO,Palmas,1721000,city,25781,8417.02144,149,248,0,0.0096,306296,False,False
202106,2021-02-10,330,TO,Palmas,1721000,city,25632,8368.37569,109,248,2,0.0097,306296,False,False
202106,2021-02-09,329,TO,Palmas,1721000,city,25523,8332.7892,149,246,1,0.0096,306296,False,False
202106,2021-02-08,328,TO,Palmas,1721000,city,25374,8284.14344,78,245,0,0.0097,306296,False,False
202106,2021-02-07,327,TO,Palmas,1721000,city,25296,8258.67788,64,245,1,0.0097,306296,False,False
202105,2021-02-06,326,TO,Palmas,1721000,city,25232,8237.78306,61,244,0,0.0097,306296,False,False
202105,2021-02-05,325,TO,Palmas,1721000,city,25171,8217.86768,139,244,1,0.0097,306296,False,False
202105,2021-02-04,324,TO,Palmas,1721000,city,25032,8172.48674,134,243,0,0.0097,306296,False,False
202105,2021-02-03,323,TO,Palmas,1721000,city,24898,8128.73821,105,243,0,0.0098,306296,False,False
202105,2021-02-02,322,TO,Palmas,1721000,city,24793,8094.45765,104,243,1,0.0098,306296,False,False
202105,2021-02-01,321,TO,Palmas,1721000,city,24689,8060.50357,75,242,0,0.0098,306296,False,False
202105,2021-01-31,320,TO,Palmas,1721000,city,24614,8036.01745,40,242,0,0.0098,306296,False,False
202104,2021-01-30,319,TO,Palmas,1721000,city,24574,8022.95818,31,242,0,0.0098,306296,False,False
202104,2021-01-29,318,TO,Palmas,1721000,city,24543,8012.83726,110,242,2,0.0099,306296,False,False
202104,2021-01-28,317,TO,Palmas,1721000,city,24433,7976.92428,117,240,0,0.0098,306296,False,False
202104,2021-01-27,316,TO,Palmas,1721000,city,24316,7938.72594,98,240,2,0.0099,306296,False,False
202104,2021-01-26,315,TO,Palmas,1721000,city,24218,7906.73074,102,238,1,0.0098,306296,False,False
202104,2021-01-25,314,TO,Palmas,1721000,city,24116,7873.42962,84,237,3,0.0098,306296,False,False
202104,2021-01-24,313,TO,Palmas,1721000,city,24032,7846.00517,22,234,1,0.0097,306296,False,False
202103,2021-01-23,312,TO,Palmas,1721000,city,24010,7838.82258,95,233,0,0.0097,306296,False,False
202103,2021-01-22,311,TO,Palmas,1721000,city,23915,7807.80683,124,233,1,0.0097,306296,False,False
202103,2021-01-21,310,TO,Palmas,1721000,city,23791,7767.32311,167,232,0,0.0098,306296,False,False
202103,2021-01-20,309,TO,Palmas,1721000,city,23624,7712.80069,116,232,1,0.0098,306296,False,False
202103,2021-01-19,308,TO,Palmas,1721000,city,23508,7674.92883,145,231,1,0.0098,306296,False,False
202103,2021-01-18,307,TO,Palmas,1721000,city,23363,7627.589,103,230,0,0.0098,306296,False,False
202103,2021-01-17,306,TO,Palmas,1721000,city,23260,7593.9614,41,230,1,0.0099,306296,False,False
202102,2021-01-16,305,TO,Palmas,1721000,city,23219,7580.57565,122,229,0,0.0099,306296,False,False
202102,2021-01-15,304,TO,Palmas,1721000,city,23097,7540.7449,94,229,2,0.0099,306296,False,False
202102,2021-01-14,303,TO,Palmas,1721000,city,23003,7510.05563,76,227,0,0.0099,306296,False,False
202102,2021-01-13,302,TO,Palmas,1721000,city,22927,7485.24303,128,227,1,0.0099,306296,False,False
202102,2021-01-12,301,TO,Palmas,1721000,city,22799,7443.45339,41,226,3,0.0099,306296,False,False
202102,2021-01-11,300,TO,Palmas,1721000,city,22758,7430.06765,152,223,0,0.0098,306296,False,False
202102,2021-01-10,299,TO,Palmas,1721000,city,22606,7380.44245,73,223,1,0.0099,306296,False,False
202101,2021-01-09,298,TO,Palmas,1721000,city,22533,7356.60929,88,222,0,0.0099,306296,False,False
202101,2021-01-08,297,TO,Palmas,1721000,city,22445,7327.87891,205,222,0,0.0099,306296,False,False
202101,2021-01-07,296,TO,Palmas,1721000,city,22240,7260.95019,132,222,2,0.01,306296,False,False
202101,2021-01-06,295,TO,Palmas,1721000,city,22108,7217.85462,130,220,1,0.01,306296,False,False
202101,2021-01-05,294,TO,Palmas,1721000,city,21978,7175.41202,93,219,0,0.01,306296,False,False
202101,2021-01-04,293,TO,Palmas,1721000,city,21885,7145.04923,74,219,0,0.01,306296,False,False
202101,2021-01-03,292,TO,Palmas,1721000,city,21811,7120.8896,91,219,0,0.01,306296,False,False
202053,2021-01-02,291,TO,Palmas,1721000,city,21720,7091.17977,78,219,2,0.0101,306296,False,False
202053,2021-01-01,290,TO,Palmas,1721000,city,21642,7065.71421,32,217,0,0.01,306296,False,False
202053,2020-12-31,289,TO,Palmas,1721000,city,21610,7055.2668,86,217,0,0.01,306296,False,False
202053,2020-12-30,288,TO,Palmas,1721000,city,21524,7027.18939,105,217,1,0.0101,306296,False,False
202053,2020-12-29,287,TO,Palmas,1721000,city,21419,6992.90882,95,216,0,0.0101,306296,False,False
202053,2020-12-28,286,TO,Palmas,1721000,city,21324,6961.89307,100,216,2,0.0101,306296,False,False
202053,2020-12-27,285,TO,Palmas,1721000,city,21224,6929.24491,34,214,1,0.0101,306296,False,False
202052,2020-12-26,284,TO,Palmas,1721000,city,21190,6918.14454,55,213,1,0.0101,306296,False,False
202052,2020-12-25,283,TO,Palmas,1721000,city,21135,6900.18805,40,212,0,0.01,306296,False,False
202052,2020-12-24,282,TO,Palmas,1721000,city,21095,6887.12879,131,212,1,0.01,306296,False,False
202052,2020-12-23,281,TO,Palmas,1721000,city,20964,6844.3597,78,211,1,0.0101,306296,False,False
202052,2020-12-22,280,TO,Palmas,1721000,city,20886,6818.89414,64,210,0,0.0101,306296,False,False
202052,2020-12-21,279,TO,Palmas,1721000,city,20822,6797.99932,77,210,1,0.0101,306296,False,False
202052,2020-12-20,278,TO,Palmas,1721000,city,20745,6772.86024,76,209,1,0.0101,306296,False,False
202051,2020-12-19,277,TO,Palmas,1721000,city,20669,6748.04764,64,208,0,0.0101,306296,False,False
202051,2020-12-18,276,TO,Palmas,1721000,city,20605,6727.15282,103,208,0,0.0101,306296,False,False
202051,2020-12-17,275,TO,Palmas,1721000,city,20502,6693.52522,106,208,1,0.0101,306296,False,False
202051,2020-12-16,274,TO,Palmas,1721000,city,20396,6658.91817,93,207,2,0.0101,306296,False,False
202051,2020-12-15,273,TO,Palmas,1721000,city,20303,6628.55538,68,205,0,0.0101,306296,False,False
202051,2020-12-14,272,TO,Palmas,1721000,city,20235,6606.35464,89,205,0,0.0101,306296,False,False
202051,2020-12-13,271,TO,Palmas,1721000,city,20146,6577.29778,50,205,0,0.0102,306296,False,False
202050,2020-12-12,270,TO,Palmas,1721000,city,20096,6560.9737,71,205,1,0.0102,306296,False,False
202050,2020-12-11,269,TO,Palmas,1721000,city,20025,6537.79351,77,204,0,0.0102,306296,False,False
202050,2020-12-10,268,TO,Palmas,1721000,city,19948,6512.65443,108,204,0,0.0102,306296,False,False
202050,2020-12-09,267,TO,Palmas,1721000,city,19840,6477.39442,108,204,1,0.0103,306296,False,False
202050,2020-12-08,266,TO,Palmas,1721000,city,19732,6442.13441,52,203,2,0.0103,306296,False,False
202050,2020-12-07,265,TO,Palmas,1721000,city,19680,6425.15736,98,201,1,0.0102,306296,False,False
202050,2020-12-06,264,TO,Palmas,1721000,city,19582,6393.16217,50,200,0,0.0102,306296,False,False
202049,2020-12-05,263,TO,Palmas,1721000,city,19532,6376.83809,76,200,0,0.0102,306296,False,False
202049,2020-12-04,262,TO,Palmas,1721000,city,19456,6352.02549,75,200,0,0.0103,306296,False,False
202049,2020-12-03,261,TO,Palmas,1721000,city,19381,6327.53937,69,200,1,0.0103,306296,False,False
202049,2020-12-02,260,TO,Palmas,1721000,city,19312,6305.01215,88,199,1,0.0103,306296,False,False
202049,2020-12-01,259,TO,Palmas,1721000,city,19224,6276.28177,33,198,0,0.0103,306296,False,False
202049,2020-11-30,258,TO,Palmas,1721000,city,19191,6265.50787,87,198,0,0.0103,306296,False,False
202049,2020-11-29,257,TO,Palmas,1721000,city,19104,6237.10398,40,198,0,0.0104,306296,False,False
202048,2020-11-28,256,TO,Palmas,1721000,city,19064,6224.04471,47,198,1,0.0104,306296,False,False
202048,2020-11-27,255,TO,Palmas,1721000,city,19017,6208.70008,37,197,0,0.0104,306296,False,False
202048,2020-11-26,254,TO,Palmas,1721000,city,18980,6196.62026,103,197,0,0.0104,306296,False,False
202048,2020-11-25,253,TO,Palmas,1721000,city,18877,6162.99266,41,197,0,0.0104,306296,False,False
202048,2020-11-24,252,TO,Palmas,1721000,city,18836,6149.60692,90,197,0,0.0105,306296,False,False
202048,2020-11-23,251,TO,Palmas,1721000,city,18746,6120.22357,41,197,0,0.0105,306296,False,False
202048,2020-11-22,250,TO,Palmas,1721000,city,18705,6106.83783,46,197,0,0.0105,306296,False,False
202047,2020-11-21,249,TO,Palmas,1721000,city,18659,6091.81968,40,197,0,0.0106,306296,False,False
202047,2020-11-20,248,TO,Palmas,1721000,city,18619,6078.76041,76,197,0,0.0106,306296,False,False
202047,2020-11-19,247,TO,Palmas,1721000,city,18543,6053.94782,58,197,0,0.0106,306296,False,False
202047,2020-11-18,246,TO,Palmas,1721000,city,18485,6035.01188,67,197,0,0.0107,306296,False,False
202047,2020-11-17,245,TO,Palmas,1721000,city,18418,6013.13762,59,197,0,0.0107,306296,False,False
202047,2020-11-16,244,TO,Palmas,1721000,city,18359,5993.87521,55,197,2,0.0107,306296,False,False
202047,2020-11-15,243,TO,Palmas,1721000,city,18304,5975.91872,60,195,0,0.0107,306296,False,False
202046,2020-11-14,242,TO,Palmas,1721000,city,18244,5956.32982,71,195,1,0.0107,306296,False,False
202046,2020-11-13,241,TO,Palmas,1721000,city,18173,5933.14963,49,194,1,0.0107,306296,False,False
202046,2020-11-12,240,TO,Palmas,1721000,city,18124,5917.15204,44,193,0,0.0106,306296,False,False
202046,2020-11-11,239,TO,Palmas,1721000,city,18080,5902.78685,23,193,1,0.0107,306296,False,False
202046,2020-11-10,238,TO,Palmas,1721000,city,18057,5895.27777,48,192,1,0.0106,306296,False,False
202046,2020-11-09,237,TO,Palmas,1721000,city,18009,5879.60666,17,191,1,0.0106,306296,False,False
202046,2020-11-08,236,TO,Palmas,1721000,city,17992,5874.05647,11,190,0,0.0106,306296,False,False
202045,2020-11-07,235,TO,Palmas,1721000,city,17981,5870.46517,13,190,1,0.0106,306296,False,False
202045,2020-11-06,234,TO,Palmas,1721000,city,17968,5866.22091,29,189,0,0.0105,306296,False,False
202045,2020-11-05,233,TO,Palmas,1721000,city,17939,5856.75294,110,189,0,0.0105,306296,False,False
202045,2020-11-04,232,TO,Palmas,1721000,city,17829,5820.83997,29,189,0,0.0106,306296,False,False
202045,2020-11-03,231,TO,Palmas,1721000,city,17800,5811.37201,61,189,1,0.0106,306296,False,False
202045,2020-11-02,230,TO,Palmas,1721000,city,17739,5791.45663,5,188,0,0.0106,306296,False,False
202045,2020-11-01,229,TO,Palmas,1721000,city,17734,5789.82422,4,188,0,0.0106,306296,False,False
202044,2020-10-31,228,TO,Palmas,1721000,city,17730,5788.5183,6,188,0,0.0106,306296,False,False
202044,2020-10-30,227,TO,Palmas,1721000,city,17724,5786.55941,75,188,0,0.0106,306296,False,False
202044,2020-10-29,226,TO,Palmas,1721000,city,17649,5762.07329,74,188,1,0.0107,306296,False,False
202044,2020-10-28,225,TO,Palmas,1721000,city,17575,5737.91365,20,187,0,0.0106,306296,False,False
202044,2020-10-27,224,TO,Palmas,1721000,city,17555,5731.38402,68,187,1,0.0107,306296,False,False
202044,2020-10-26,223,TO,Palmas,1721000,city,17487,5709.18327,34,186,1,0.0106,306296,False,False
202044,2020-10-25,222,TO,Palmas,1721000,city,17453,5698.0829,18,185,0,0.0106,306296,False,False
202043,2020-10-24,221,TO,Palmas,1721000,city,17435,5692.20623,14,185,0,0.0106,306296,False,False
202043,2020-10-23,220,TO,Palmas,1721000,city,17421,5687.63549,58,185,0,0.0106,306296,False,False
202043,2020-10-22,219,TO,Palmas,1721000,city,17363,5668.69956,69,185,2,0.0107,306296,False,False
202043,2020-10-21,218,TO,Palmas,1721000,city,17294,5646.17233,54,183,7,0.0106,306296,False,False
202043,2020-10-20,217,TO,Palmas,1721000,city,17240,5628.54233,40,176,1,0.0102,306296,False,False
202043,2020-10-19,216,TO,Palmas,1721000,city,17200,5615.48306,75,175,1,0.0102,306296,False,False
202043,2020-10-18,215,TO,Palmas,1721000,city,17125,5590.99694,10,174,0,0.0102,306296,False,False
202042,2020-10-17,214,TO,Palmas,1721000,city,17115,5587.73213,21,174,0,0.0102,306296,False,False
202042,2020-10-16,213,TO,Palmas,1721000,city,17094,5580.87602,82,174,1,0.0102,306296,False,False
202042,2020-10-15,212,TO,Palmas,1721000,city,17012,5554.10453,53,173,2,0.0102,306296,False,False
202042,2020-10-14,211,TO,Palmas,1721000,city,16959,5536.801,59,171,3,0.0101,306296,False,False
202042,2020-10-13,210,TO,Palmas,1721000,city,16900,5517.53859,42,168,2,0.0099,306296,False,False
202042,2020-10-12,209,TO,Palmas,1721000,city,16858,5503.82636,9,166,-1,0.0098,306296,False,False
202042,2020-10-11,208,TO,Palmas,1721000,city,16849,5500.88803,28,167,0,0.0099,306296,False,False
202041,2020-10-10,207,TO,Palmas,1721000,city,16821,5491.74655,26,167,2,0.0099,306296,False,False
202041,2020-10-09,206,TO,Palmas,1721000,city,16795,5483.25802,63,165,1,0.0098,306296,False,False
202041,2020-10-08,205,TO,Palmas,1721000,city,16732,5462.68969,52,164,1,0.0098,306296,False,False
202041,2020-10-07,204,TO,Palmas,1721000,city,16680,5445.71264,60,163,2,0.0098,306296,False,False
202041,2020-10-06,203,TO,Palmas,1721000,city,16620,5426.12375,61,161,2,0.0097,306296,False,False
202041,2020-10-05,202,TO,Palmas,1721000,city,16559,5406.20837,46,159,-1,0.0096,306296,False,False
202041,2020-10-04,201,TO,Palmas,1721000,city,16513,5391.19022,6,160,0,0.0097,306296,False,False
202040,2020-10-03,200,TO,Palmas,1721000,city,16507,5389.23133,19,160,0,0.0097,306296,False,False
202040,2020-10-02,199,TO,Palmas,1721000,city,16488,5383.02818,47,160,2,0.0097,306296,False,False
202040,2020-10-01,198,TO,Palmas,1721000,city,16441,5367.68355,68,158,2,0.0096,306296,False,False
202040,2020-09-30,197,TO,Palmas,1721000,city,16373,5345.4828,76,156,1,0.0095,306296,False,False
202040,2020-09-29,196,TO,Palmas,1721000,city,16297,5320.6702,246,155,5,0.0095,306296,False,False
202040,2020-09-28,195,TO,Palmas,1721000,city,16051,5240.35573,0,150,0,0.0093,306296,False,False
202040,2020-09-27,194,TO,Palmas,1721000,city,16051,5240.35573,62,150,1,0.0093,306296,False,False
202039,2020-09-26,193,TO,Palmas,1721000,city,15989,5220.11388,23,149,1,0.0093,306296,False,False
202039,2020-09-25,192,TO,Palmas,1721000,city,15966,5212.6048,64,148,0,0.0093,306296,False,False
202039,2020-09-24,191,TO,Palmas,1721000,city,15902,5191.70998,174,148,4,0.0093,306296,False,False
202039,2020-09-23,190,TO,Palmas,1721000,city,15728,5134.90219,90,144,0,0.0092,306296,False,False
202039,2020-09-22,189,TO,Palmas,1721000,city,15638,5105.51884,94,144,7,0.0092,306296,False,False
202039,2020-09-21,188,TO,Palmas,1721000,city,15544,5074.82958,144,137,3,0.0088,306296,False,False
202039,2020-09-20,187,TO,Palmas,1721000,city,15400,5027.81623,40,134,0,0.0087,306296,False,False
202038,2020-09-19,186,TO,Palmas,1721000,city,15360,5014.75697,66,134,0,0.0087,306296,False,False
202038,2020-09-18,185,TO,Palmas,1721000,city,15294,4993.20918,124,134,7,0.0088,306296,False,False
202038,2020-09-17,184,TO,Palmas,1721000,city,15170,4952.72547,219,127,0,0.0084,306296,False,False
202038,2020-09-16,183,TO,Palmas,1721000,city,14951,4881.226,95,127,1,0.0085,306296,False,False
202038,2020-09-15,182,TO,Palmas,1721000,city,14856,4850.21025,134,126,2,0.0085,306296,False,False
202038,2020-09-14,181,TO,Palmas,1721000,city,14722,4806.46172,116,124,2,0.0084,306296,False,False
202038,2020-09-13,180,TO,Palmas,1721000,city,14606,4768.58986,92,122,3,0.0084,306296,False,False
202037,2020-09-12,179,TO,Palmas,1721000,city,14514,4738.55356,76,119,0,0.0082,306296,False,False
202037,2020-09-11,178,TO,Palmas,1721000,city,14438,4713.74096,209,119,4,0.0082,306296,False,False
202037,2020-09-10,177,TO,Palmas,1721000,city,14229,4645.50631,115,115,4,0.0081,306296,False,False
202037,2020-09-09,176,TO,Palmas,1721000,city,14114,4607.96093,173,111,2,0.0079,306296,False,False
202037,2020-09-08,175,TO,Palmas,1721000,city,13941,4551.47961,98,109,0,0.0078,306296,False,False
202037,2020-09-07,174,TO,Palmas,1721000,city,13843,4519.48442,90,109,0,0.0079,306296,False,False
202037,2020-09-06,173,TO,Palmas,1721000,city,13753,4490.10108,173,109,0,0.0079,306296,False,False
202036,2020-09-05,172,TO,Palmas,1721000,city,13580,4433.61977,144,109,0,0.008,306296,False,False
202036,2020-09-04,171,TO,Palmas,1721000,city,13436,4386.60642,242,109,5,0.0081,306296,False,False
202036,2020-09-03,170,TO,Palmas,1721000,city,13194,4307.59788,250,104,5,0.0079,306296,False,False
202036,2020-09-02,169,TO,Palmas,1721000,city,12944,4225.97749,201,99,4,0.0076,306296,False,False
202036,2020-09-01,168,TO,Palmas,1721000,city,12743,4160.35469,106,95,4,0.0075,306296,False,False
202036,2020-08-31,167,TO,Palmas,1721000,city,12637,4125.74764,177,91,1,0.0072,306296,False,False
202036,2020-08-30,166,TO,Palmas,1721000,city,12460,4067.9604,70,90,0,0.0072,306296,False,False
202035,2020-08-29,165,TO,Palmas,1721000,city,12390,4045.10669,242,90,2,0.0073,306296,False,False
202035,2020-08-28,164,TO,Palmas,1721000,city,12148,3966.09815,238,88,3,0.0072,306296,False,False
202035,2020-08-27,163,TO,Palmas,1721000,city,11910,3888.39554,326,85,3,0.0071,306296,False,False
202035,2020-08-26,162,TO,Palmas,1721000,city,11584,3781.96255,150,82,0,0.0071,306296,False,False
202035,2020-08-25,161,TO,Palmas,1721000,city,11434,3732.99031,212,82,4,0.0072,306296,False,False
202035,2020-08-24,160,TO,Palmas,1721000,city,11222,3663.77622,207,78,2,0.007,306296,False,False
202035,2020-08-23,159,TO,Palmas,1721000,city,11015,3596.19453,209,76,2,0.0069,306296,False,False
202034,2020-08-22,158,TO,Palmas,1721000,city,10806,3527.95988,301,74,1,0.0068,306296,False,False
202034,2020-08-21,157,TO,Palmas,1721000,city,10505,3429.68893,190,73,5,0.0069,306296,False,False
202034,2020-08-20,156,TO,Palmas,1721000,city,10315,3367.65743,392,68,0,0.0066,306296,False,False
202034,2020-08-19,155,TO,Palmas,1721000,city,9923,3239.67665,355,68,3,0.0069,306296,False,False
202034,2020-08-18,154,TO,Palmas,1721000,city,9568,3123.77569,248,65,0,0.0068,306296,False,False
202034,2020-08-17,153,TO,Palmas,1721000,city,9320,3042.80826,147,65,2,0.007,306296,False,False
202034,2020-08-16,152,TO,Palmas,1721000,city,9173,2994.81547,497,63,0,0.0069,306296,False,False
202033,2020-08-15,151,TO,Palmas,1721000,city,8676,2832.55413,223,63,0,0.0073,306296,False,False
202033,2020-08-14,150,TO,Palmas,1721000,city,8453,2759.74874,231,63,1,0.0075,306296,False,False
202033,2020-08-13,149,TO,Palmas,1721000,city,8222,2684.3315,420,62,2,0.0075,306296,False,False
202033,2020-08-12,148,TO,Palmas,1721000,city,7802,2547.20924,168,60,0,0.0077,306296,False,False
202033,2020-08-11,147,TO,Palmas,1721000,city,7634,2492.36033,256,60,0,0.0079,306296,False,False
202033,2020-08-10,146,TO,Palmas,1721000,city,7378,2408.78105,214,60,2,0.0081,306296,False,False
202033,2020-08-09,145,TO,Palmas,1721000,city,7164,2338.91399,152,58,1,0.0081,306296,False,False
202032,2020-08-08,144,TO,Palmas,1721000,city,7012,2289.28879,193,57,2,0.0081,306296,False,False
202032,2020-08-07,143,TO,Palmas,1721000,city,6819,2226.27785,213,55,0,0.0081,306296,False,False
202032,2020-08-06,142,TO,Palmas,1721000,city,6606,2156.73727,211,55,1,0.0083,306296,False,False
202032,2020-08-05,141,TO,Palmas,1721000,city,6395,2087.84966,344,54,5,0.0084,306296,False,False
202032,2020-08-04,140,TO,Palmas,1721000,city,6051,1975.54,137,49,0,0.0081,306296,False,False
202032,2020-08-03,139,TO,Palmas,1721000,city,5914,1930.81202,144,49,2,0.0083,306296,False,False
202032,2020-08-02,138,TO,Palmas,1721000,city,5770,1883.79868,59,47,3,0.0081,306296,False,False
202031,2020-08-01,137,TO,Palmas,1721000,city,5711,1864.53627,207,44,2,0.0077,306296,False,False
202031,2020-07-31,136,TO,Palmas,1721000,city,5504,1796.95458,137,42,3,0.0076,306296,False,False
202031,2020-07-30,135,TO,Palmas,1721000,city,5367,1752.2266,252,39,2,0.0073,306296,False,False
202031,2020-07-29,134,TO,Palmas,1721000,city,5115,1669.95325,152,37,1,0.0072,306296,False,False
202031,2020-07-28,133,TO,Palmas,1721000,city,4963,1620.32805,142,36,2,0.0073,306296,False,False
202031,2020-07-27,132,TO,Palmas,1721000,city,4821,1573.96767,212,34,1,0.0071,306296,False,False
202031,2020-07-26,131,TO,Palmas,1721000,city,4609,1504.75357,106,33,0,0.0072,306296,False,False
202030,2020-07-25,130,TO,Palmas,1721000,city,4503,1470.14652,154,33,0,0.0073,306296,False,False
202030,2020-07-24,129,TO,Palmas,1721000,city,4349,1419.86836,160,33,2,0.0076,306296,False,False
202030,2020-07-23,128,TO,Palmas,1721000,city,4189,1367.63131,133,31,0,0.0074,306296,False,False
202030,2020-07-22,127,TO,Palmas,1721000,city,4056,1324.20926,166,31,2,0.0076,306296,False,False
202030,2020-07-21,126,TO,Palmas,1721000,city,3890,1270.01332,153,29,0,0.0075,306296,False,False
202030,2020-07-20,125,TO,Palmas,1721000,city,3737,1220.06164,116,29,1,0.0078,306296,False,False
202030,2020-07-19,124,TO,Palmas,1721000,city,3621,1182.18978,16,28,0,0.0077,306296,False,False
202029,2020-07-18,123,TO,Palmas,1721000,city,3605,1176.96607,91,28,1,0.0078,306296,False,False
202029,2020-07-17,122,TO,Palmas,1721000,city,3514,1147.25625,75,27,1,0.0077,306296,False,False
202029,2020-07-16,121,TO,Palmas,1721000,city,3439,1122.77013,135,26,0,0.0076,306296,False,False
202029,2020-07-15,120,TO,Palmas,1721000,city,3304,1078.69512,140,26,0,0.0079,306296,False,False
202029,2020-07-14,119,TO,Palmas,1721000,city,3164,1032.9877,106,26,0,0.0082,306296,False,False
202029,2020-07-13,118,TO,Palmas,1721000,city,3058,998.38065,120,26,0,0.0085,306296,False,False
202029,2020-07-12,117,TO,Palmas,1721000,city,2938,959.20286,75,26,0,0.0088,306296,False,False
202028,2020-07-11,116,TO,Palmas,1721000,city,2863,934.71674,28,26,1,0.0091,306296,False,False
202028,2020-07-10,115,TO,Palmas,1721000,city,2835,925.57526,159,25,2,0.0088,306296,False,False
202028,2020-07-09,114,TO,Palmas,1721000,city,2676,873.66469,75,23,1,0.0086,306296,False,False
202028,2020-07-08,113,TO,Palmas,1721000,city,2601,849.17857,117,22,0,0.0085,306296,False,False
202028,2020-07-07,112,TO,Palmas,1721000,city,2484,810.98023,133,22,0,0.0089,306296,False,False
202028,2020-07-06,111,TO,Palmas,1721000,city,2351,767.55818,115,22,0,0.0094,306296,False,False
202028,2020-07-05,110,TO,Palmas,1721000,city,2236,730.0128,30,22,0,0.0098,306296,False,False
202027,2020-07-04,109,TO,Palmas,1721000,city,2206,720.21835,60,22,2,0.01,306296,False,False
202027,2020-07-03,108,TO,Palmas,1721000,city,2146,700.62946,100,20,0,0.0093,306296,False,False
202027,2020-07-02,107,TO,Palmas,1721000,city,2046,667.9813,93,20,0,0.0098,306296,False,False
202027,2020-07-01,106,TO,Palmas,1721000,city,1953,637.61851,69,20,1,0.0102,306296,False,False
202027,2020-06-30,105,TO,Palmas,1721000,city,1884,615.09128,103,19,0,0.0101,306296,False,False
202027,2020-06-29,104,TO,Palmas,1721000,city,1781,581.46368,62,19,2,0.0107,306296,False,False
202027,2020-06-28,103,TO,Palmas,1721000,city,1719,561.22182,44,17,1,0.0099,306296,False,False
202026,2020-06-27,102,TO,Palmas,1721000,city,1675,546.85664,25,16,0,0.0096,306296,False,False
202026,2020-06-26,101,TO,Palmas,1721000,city,1650,538.6946,92,16,0,0.0097,306296,False,False
202026,2020-06-25,100,TO,Palmas,1721000,city,1558,508.65829,54,16,1,0.0103,306296,False,False
202026,2020-06-24,99,TO,Palmas,1721000,city,1504,491.02829,77,15,0,0.01,306296,False,False
202026,2020-06-23,98,TO,Palmas,1721000,city,1427,465.88921,46,15,0,0.0105,306296,False,False
202026,2020-06-22,97,TO,Palmas,1721000,city,1381,450.87105,61,15,0,0.0109,306296,False,False
202026,2020-06-21,96,TO,Palmas,1721000,city,1320,430.95568,18,15,0,0.0114,306296,False,False
202025,2020-06-20,95,TO,Palmas,1721000,city,1302,425.07901,40,15,2,0.0115,306296,False,False
202025,2020-06-19,94,TO,Palmas,1721000,city,1262,412.01975,76,13,1,0.0103,306296,False,False
202025,2020-06-18,93,TO,Palmas,1721000,city,1186,387.20715,48,12,0,0.0101,306296,False,False
202025,2020-06-17,92,TO,Palmas,1721000,city,1138,371.53603,53,12,0,0.0105,306296,False,False
202025,2020-06-16,91,TO,Palmas,1721000,city,1085,354.23251,40,12,0,0.0111,306296,False,False
202025,2020-06-15,90,TO,Palmas,1721000,city,1045,341.17324,48,12,0,0.0115,306296,False,False
202025,2020-06-14,89,TO,Palmas,1721000,city,997,325.50213,20,12,1,0.012,306296,False,False
202024,2020-06-13,88,TO,Palmas,1721000,city,977,318.9725,10,11,0,0.0113,306296,False,False
202024,2020-06-12,87,TO,Palmas,1721000,city,967,315.70768,45,11,1,0.0114,306296,False,False
202024,2020-06-11,86,TO,Palmas,1721000,city,922,301.01601,14,10,0,0.0108,306296,False,False
202024,2020-06-10,85,TO,Palmas,1721000,city,908,296.44527,28,10,0,0.011,306296,False,False
202024,2020-06-09,84,TO,Palmas,1721000,city,880,287.30378,45,10,1,0.0114,306296,False,False
202024,2020-06-08,83,TO,Palmas,1721000,city,835,272.61211,42,9,1,0.0108,306296,False,False
202024,2020-06-07,82,TO,Palmas,1721000,city,793,258.89989,30,8,0,0.0101,306296,False,False
202023,2020-06-06,81,TO,Palmas,1721000,city,763,249.10544,38,8,0,0.0105,306296,False,False
202023,2020-06-05,80,TO,Palmas,1721000,city,725,236.69914,0,8,0,0.011,306296,False,False
202023,2020-06-04,79,TO,Palmas,1721000,city,725,236.69914,60,8,0,0.011,306296,False,False
202023,2020-06-03,78,TO,Palmas,1721000,city,665,217.11025,23,8,0,0.012,306296,False,False
202023,2020-06-02,77,TO,Palmas,1721000,city,642,209.60117,31,8,0,0.0125,306296,False,False
202023,2020-06-01,76,TO,Palmas,1721000,city,611,199.48024,10,8,1,0.0131,306296,False,False
202023,2020-05-31,75,TO,Palmas,1721000,city,601,196.21543,23,7,0,0.0116,306296,False,False
202022,2020-05-30,74,TO,Palmas,1721000,city,578,188.70635,46,7,0,0.0121,306296,False,False
202022,2020-05-29,73,TO,Palmas,1721000,city,532,173.6882,34,7,0,0.0132,306296,False,False
202022,2020-05-28,72,TO,Palmas,1721000,city,498,162.58782,0,7,0,0.0141,306296,False,False
202022,2020-05-27,71,TO,Palmas,1721000,city,498,162.58782,73,7,1,0.0141,306296,False,False
202022,2020-05-26,70,TO,Palmas,1721000,city,425,138.75467,11,6,1,0.0141,306296,False,False
202022,2020-05-25,69,TO,Palmas,1721000,city,414,135.16337,0,5,0,0.0121,306296,False,False
202022,2020-05-24,68,TO,Palmas,1721000,city,414,135.16337,23,5,1,0.0121,306296,False,False
202021,2020-05-23,67,TO,Palmas,1721000,city,391,127.6543,0,4,0,0.0102,306296,False,False
202021,2020-05-22,66,TO,Palmas,1721000,city,391,127.6543,19,4,0,0.0102,306296,False,False
202021,2020-05-21,65,TO,Palmas,1721000,city,372,121.45115,24,4,0,0.0108,306296,False,False
202021,2020-05-20,64,TO,Palmas,1721000,city,348,113.61559,15,4,0,0.0115,306296,False,False
202021,2020-05-19,63,TO,Palmas,1721000,city,333,108.71836,17,4,0,0.012,306296,False,False
202021,2020-05-18,62,TO,Palmas,1721000,city,316,103.16818,16,4,1,0.0127,306296,False,False
202021,2020-05-17,61,TO,Palmas,1721000,city,300,97.94447,37,3,0,0.01,306296,False,False
202020,2020-05-16,60,TO,Palmas,1721000,city,263,85.86465,14,3,0,0.0114,306296,False,False
202020,2020-05-15,59,TO,Palmas,1721000,city,249,81.29391,15,3,0,0.012,306296,False,False
202020,2020-05-14,58,TO,Palmas,1721000,city,234,76.39669,23,3,0,0.0128,306296,False,False
202020,2020-05-13,57,TO,Palmas,1721000,city,211,68.88761,13,3,0,0.0142,306296,False,False
202020,2020-05-12,56,TO,Palmas,1721000,city,198,64.64335,21,3,1,0.0152,306296,False,False
202020,2020-05-11,55,TO,Palmas,1721000,city,177,57.78724,14,2,0,0.0113,306296,False,False
202020,2020-05-10,54,TO,Palmas,1721000,city,163,53.2165,5,2,0,0.0123,306296,False,False
202019,2020-05-09,53,TO,Palmas,1721000,city,158,51.58409,6,2,0,0.0127,306296,False,False
202019,2020-05-08,52,TO,Palmas,1721000,city,152,49.6252,11,2,0,0.0132,306296,False,False
202019,2020-05-07,51,TO,Palmas,1721000,city,141,46.0339,17,2,0,0.0142,306296,False,False
202019,2020-05-06,50,TO,Palmas,1721000,city,124,40.48372,22,2,0,0.0161,306296,False,False
202019,2020-05-05,49,TO,Palmas,1721000,city,102,33.30112,3,2,0,0.0196,306296,False,False
202019,2020-05-04,48,TO,Palmas,1721000,city,99,32.32168,12,2,0,0.0202,306296,False,False
202019,2020-05-03,47,TO,Palmas,1721000,city,87,28.4039,4,2,0,0.023,306296,False,False
202018,2020-05-02,46,TO,Palmas,1721000,city,83,27.09797,17,2,0,0.0241,306296,False,False
202018,2020-05-01,45,TO,Palmas,1721000,city,66,21.54778,5,2,0,0.0303,306296,False,False
202018,2020-04-30,44,TO,Palmas,1721000,city,61,19.91538,7,2,0,0.0328,306296,False,False
202018,2020-04-29,43,TO,Palmas,1721000,city,54,17.63,6,2,1,0.037,306296,False,False
202018,2020-04-28,42,TO,Palmas,1721000,city,48,15.67112,11,1,0,0.0208,306296,False,False
202018,2020-04-27,41,TO,Palmas,1721000,city,37,12.07982,4,1,0,0.027,306296,False,False
202018,2020-04-26,40,TO,Palmas,1721000,city,33,10.77389,2,1,0,0.0303,306296,False,False
202017,2020-04-25,39,TO,Palmas,1721000,city,31,10.12093,1,1,0,0.0323,306296,False,False
202017,2020-04-24,38,TO,Palmas,1721000,city,30,9.79445,2,1,0,0.0333,306296,False,False
202017,2020-04-23,37,TO,Palmas,1721000,city,28,9.14148,3,1,0,0.0357,306296,False,False
202017,2020-04-22,36,TO,Palmas,1721000,city,25,8.16204,0,1,0,0.04,306296,False,False
202017,2020-04-21,35,TO,Palmas,1721000,city,25,8.16204,0,1,0,0.04,306296,False,False
202017,2020-04-20,34,TO,Palmas,1721000,city,25,8.16204,1,1,0,0.04,306296,False,False
202017,2020-04-19,33,TO,Palmas,1721000,city,24,7.83556,1,1,0,0.0417,306296,False,False
202016,2020-04-18,32,TO,Palmas,1721000,city,23,7.50908,1,1,0,0.0435,306296,False,False
202016,2020-04-17,31,TO,Palmas,1721000,city,22,7.18259,1,1,0,0.0455,306296,False,False
202016,2020-04-16,30,TO,Palmas,1721000,city,21,6.85611,2,1,0,0.0476,306296,False,False
202016,2020-04-15,29,TO,Palmas,1721000,city,19,6.20315,2,1,1,0.0526,306296,False,False
202016,2020-04-14,28,TO,Palmas,1721000,city,17,5.55019,1,0,0,0.0,306296,False,False
202016,2020-04-13,27,TO,Palmas,1721000,city,16,5.22371,0,0,0,0.0,306296,False,False
202016,2020-04-12,26,TO,Palmas,1721000,city,16,5.22371,1,0,0,0.0,306296,False,False
202015,2020-04-11,25,TO,Palmas,1721000,city,15,4.89722,0,0,0,0.0,306296,False,False
202015,2020-04-10,24,TO,Palmas,1721000,city,15,4.89722,0,0,0,0.0,306296,False,False
202015,2020-04-09,23,TO,Palmas,1721000,city,15,4.89722,0,0,0,0.0,306296,False,False
202015,2020-04-08,22,TO,Palmas,1721000,city,15,4.89722,2,0,0,0.0,306296,False,False
202015,2020-04-07,21,TO,Palmas,1721000,city,13,4.24426,0,0,0,0.0,306296,False,False
202015,2020-04-06,20,TO,Palmas,1721000,city,13,4.24426,1,0,0,0.0,306296,False,False
202015,2020-04-05,19,TO,Palmas,1721000,city,12,3.91778,1,0,0,0.0,306296,False,False
202014,2020-04-04,18,TO,Palmas,1721000,city,11,3.5913,1,0,0,0.0,306296,False,False
202014,2020-04-03,17,TO,Palmas,1721000,city,10,3.26482,1,0,0,0.0,306296,False,False
202014,2020-04-02,16,TO,Palmas,1721000,city,9,2.93833,0,0,0,0.0,306296,False,False
202014,2020-04-01,15,TO,Palmas,1721000,city,9,2.93833,0,0,0,0.0,306296,False,False
202014,2020-03-31,14,TO,Palmas,1721000,city,9,2.93833,0,0,0,0.0,306296,False,False
202014,2020-03-30,13,TO,Palmas,1721000,city,9,2.93833,0,0,0,0.0,306296,False,False
202014,2020-03-29,12,TO,Palmas,1721000,city,9,2.93833,1,0,0,0.0,306296,False,False
202013,2020-03-28,11,TO,Palmas,1721000,city,8,2.61185,0,0,0,0.0,306296,False,False
202013,2020-03-27,10,TO,Palmas,1721000,city,8,2.61185,0,0,0,0.0,306296,False,False
202013,2020-03-26,9,TO,Palmas,1721000,city,8,2.61185,1,0,0,0.0,306296,False,False
202013,2020-03-25,8,TO,Palmas,1721000,city,7,2.28537,0,0,0,0.0,306296,False,False
202013,2020-03-24,7,TO,Palmas,1721000,city,7,2.28537,0,0,0,0.0,306296,False,False
202013,2020-03-23,6,TO,Palmas,1721000,city,7,2.28537,2,0,0,0.0,306296,False,False
202013,2020-03-22,5,TO,Palmas,1721000,city,5,1.63241,3,0,0,0.0,306296,False,False
202012,2020-03-21,4,TO,Palmas,1721000,city,2,0.65296,1,0,0,0.0,306296,False,False
202012,2020-03-20,3,TO,Palmas,1721000,city,1,0.32648,0,0,0,0.0,306296,False,False
202012,2020-03-19,2,TO,Palmas,1721000,city,1,0.32648,0,0,0,0.0,306296,False,False
202012,2020-03-18,1,TO,Palmas,1721000,city,1,0.32648,1,0,0,0.0,306296,False,False
